appid,name,type,required_age,is_free,detailed_description,price,developers,categories,release_date,genres
3008130,,,,,,,,,,
933110,,,,,,,,,,
1066780,,,,,,,,,,
1868140,,,,,,,,,,
1169040,Necesse,game,0.0,False,,HK$ 95.00,Fair Games ApS,"['Single-player', 'Multi-player', 'PvP', 'Online PvP', 'LAN PvP', 'Co-op', 'Online Co-op', 'LAN Co-op', 'Steam Achievements', 'Full controller support', 'Steam Trading Cards', 'Steam Workshop', 'Steam Cloud', 'Stats', 'Family Sharing']","16 Oct, 2025","['Action', 'Adventure', 'Indie', 'RPG']"
1044720,,,,,,,,,,
3008130,,,,,,,,,,
2250040,,,,,,,,,,
1250410,Microsoft Flight Simulator (2020) 40th Anniversary Edition,game,0.0,False,,R 999.00,Asobo Studio,"['Single-player', 'Multi-player', 'Steam Achievements', 'Full controller support', 'VR Supported', 'In-App Purchases', 'HDR available', 'Family Sharing']","17 Aug, 2020",['Simulation']
359320,,,,,,,,,,
1621690,Core Keeper,game,0.0,False,,39.95 SR,Pugstorm,"['Single-player', 'Multi-player', 'Co-op', 'Online Co-op', 'Full controller support', 'Steam Cloud', 'Family Sharing']","27 Aug, 2024","['Action', 'Adventure', 'Indie', 'RPG', 'Simulation']"
3301060,,,,,,,,,,
2452280,,,,,,,,,,
2670630,,,,,,,,,,
552500,,,,,,,,,,
1118200,,,,,,,,,,
435150,,,,,,,,,,
2384580,,,,,,,,,,
232090,,,,,,,,,,
703080,,,,,,,,,,
1527950,,,,,,,,,,
2277560,,,,,,,,,,
477160,,,,,,,,,,
3159330,,,,,,,,,,
391220,Rise of the Tomb Raider™,game,0.0,False,,"R$ 124,99",Crystal Dynamics,"['Single-player', 'Steam Achievements', 'Full controller support', 'Tracked Controller Support', 'VR Supported', 'Steam Trading Cards', 'Steam Cloud', 'Steam Leaderboards', 'Remote Play on Phone', 'Remote Play on Tablet', 'Remote Play on TV', 'Family Sharing']","9 Feb, 2016","['Action', 'Adventure']"
3314790,,,,,,,,,,
268500,,,,,,,,,,
602960,Barotrauma,game,0.0,False,,$17.99 USD,FakeFish,"['Un jugador', 'Multijugador', 'JcJ', 'JcJ en línea', 'Cooperativo', 'Cooperativo en línea', 'Logros de Steam', 'Cromos de Steam', 'Steam Workshop', 'Steam Cloud', 'Incluye editor de niveles', 'Préstamo familiar', 'Steam\xa0Timeline']",14 MAR 2023,"['Acción', 'Indie', 'Simuladores', 'Estrategia']"
244850,,,,,,,,,,
2444750,,,,,,,,,,
231430,,,,,,,,,,
1677280,,,,,,,,,,
1189490,,,,,,,,,,
1601580,,,,,,,,,,
2017220,,,,,,,,,,
1604270,,,,,,,,,,
219990,,,,,,,,,,
3606890,,,,,,,,,,
1282270,,,,,,,,,,
3241970,,,,,,,,,,
985810,,,,,,,,,,
2321470,,,,,,,,,,
815370,,,,,,,,,,
872410,,,,,,,,,,
392160,,,,,,,,,,
392160,,,,,,,,,,
1449110,The Outer Worlds 2,game,0.0,False,,"69,99€",Obsidian Entertainment,"['Single-player', 'Steam Achievements', 'Full controller support', 'Steam Trading Cards', 'Custom Volume Controls', 'Adjustable Difficulty', 'Save Anytime', 'Stereo Sound', 'Subtitle Options', 'Surround Sound', 'Steam Cloud', 'Stats', 'Family Sharing']","29 Oct, 2025","['Action', 'Adventure', 'RPG']"
1449110,The Outer Worlds 2,game,0.0,False,,"69,99€",Obsidian Entertainment,"['Single-player', 'Steam Achievements', 'Full controller support', 'Steam Trading Cards', 'Custom Volume Controls', 'Adjustable Difficulty', 'Save Anytime', 'Stereo Sound', 'Subtitle Options', 'Surround Sound', 'Steam Cloud', 'Stats', 'Family Sharing']","29 Oct, 2025","['Action', 'Adventure', 'RPG']"
2661300,,,,,,,,,,
2437170,SMITE 2,game,0.0,True,,Free,Titan Forge Games,"['Multi-player', 'PvP', 'Online PvP', 'Co-op', 'Online Co-op', 'Cross-Platform Multiplayer', 'Steam Achievements', 'Full controller support', 'In-App Purchases']","27 Aug, 2024","['Action', 'Adventure', 'Casual', 'Massively Multiplayer', 'RPG', 'Strategy', 'Free To Play', 'Early Access']"
620,Portal 2,game,0,False,,CLP$ 5.750,Valve,"['Single-player', 'Multi-player', 'Co-op', 'Online Co-op', 'Shared/Split Screen Co-op', 'Shared/Split Screen', 'Steam Achievements', 'Full controller support', 'Steam Trading Cards', 'Captions available', 'Steam Workshop', 'Steam Workshop', 'Camera Comfort', 'Custom Volume Controls', 'Playable without Timed Input', 'Save Anytime', 'Stereo Sound', 'Surround Sound', 'Steam Cloud', 'Stats', 'Includes level editor', 'Commentary available', 'Remote Play on Phone', 'Remote Play on Tablet', 'Remote Play on TV', 'Remote Play Together', 'Family Sharing']","18 Apr, 2011","['Action', 'Adventure']"
2054970,Dragon's Dogma 2,game,16,False,,"R$ 125,58","CAPCOM Co., Ltd.","['Single-player', 'Steam Achievements', 'Steam Trading Cards', 'Partial Controller Support', 'Steam Cloud', 'HDR available', 'Family Sharing']","21 Mar, 2024","['Action', 'RPG']"
780310,The Riftbreaker,game,0,False,,CLP$ 15.500,EXOR Studios,"['Single-player', 'Multi-player', 'Co-op', 'Online Co-op', 'LAN Co-op', 'Steam Achievements', 'Full controller support', 'Steam Trading Cards', 'Steam Workshop', 'Steam Cloud', 'Includes level editor', 'Remote Play on TV', 'Family Sharing']","14 Oct, 2021","['Action', 'Adventure', 'Indie', 'RPG', 'Simulation', 'Strategy']"
1824220,Chivalry 2,game,17,False,,CLP$ 14.900,Torn Banner Studios,"['Multi-player', 'PvP', 'Online PvP', 'Cross-Platform Multiplayer', 'Steam Achievements', 'Steam Trading Cards', 'In-App Purchases', 'Partial Controller Support']","12 Jun, 2022","['Action', 'Massively Multiplayer']"
3097560,Liar's Bar,game,0,False,,CLP$ 4.200,Curve Animation,"['Multi-player', 'PvP', 'Online PvP', 'Co-op', 'Online Co-op', 'Family Sharing']","2 Oct, 2024","['Casual', 'Indie', 'Simulation', 'Strategy', 'Early Access']"
2185060,Two Point Museum,game,0,False,,$29.99,Two Point Studios,"['Single-player', 'Steam Achievements', 'Full controller support', 'Steam Trading Cards', 'Steam Workshop', 'Adjustable Text Size', 'Camera Comfort', 'Custom Volume Controls', 'Mouse Only Option', 'Playable without Timed Input', 'Save Anytime', 'Stereo Sound', 'Surround Sound', 'Steam Cloud', 'Family Sharing']","Mar 4, 2025","['Casual', 'Indie', 'Simulation', 'Strategy']"
1888160,ARMORED CORE™ VI FIRES OF RUBICON™,game,13,False,,CLP$ 40.499,"FromSoftware, Inc.","['Single-player', 'Multi-player', 'PvP', 'Online PvP', 'Steam Achievements', 'Steam Trading Cards', 'Camera Comfort', 'Custom Volume Controls', 'Playable without Timed Input', 'Stereo Sound', 'Surround Sound', 'Partial Controller Support', 'Steam Cloud', 'Family Sharing']","24 Aug, 2023",['Action']
1275920,Football Manager 2021 In-game Editor,dlc,0,False,,CLP$ 2.900,Sports Interactive,"['Single-player', 'Downloadable Content', 'Family Sharing']","23 Nov, 2020","['Simulation', 'Sports']"
2524890,Pixel Gun 3D: PC Edition,game,0,True,,Free,Cubic Games Studio,"['Single-player', 'Multi-player', 'PvP', 'Online PvP', 'Co-op', 'Online Co-op', 'Cross-Platform Multiplayer', 'Full controller support', 'In-App Purchases']","2 Apr, 2024","['Action', 'Adventure', 'Massively Multiplayer', 'Free To Play']"
286690,Metro 2033 Redux,game,0,False,,CLP$ 14.989,4A Games,"['Single-player', 'Steam Achievements', 'Full controller support', 'Steam Trading Cards', 'Steam Cloud', 'Family Sharing']","25 Aug, 2014",['Action']
2661300,Grounded 2,game,0,False,,CLP$ 29.990,Obsidian Entertainment,"['Single-player', 'Multi-player', 'Co-op', 'Online Co-op', 'Full controller support', 'Family Sharing']","29 Jul, 2025","['Action', 'Adventure', 'Early Access']"
1940340,Darkest Dungeon® II,game,0,False,,CDN$ 51.99,Red Hook Studios,"['Single-player', 'Steam Achievements', 'Full controller support', 'Steam Trading Cards', 'Steam Workshop', 'Steam Cloud', 'Family Sharing']","8 May, 2023","['Indie', 'RPG', 'Strategy']"
433850,Z1 Battle Royale,game,0,True,,Free,Daybreak Game Company,"['Multi-player', 'PvP', 'Online PvP', 'In-App Purchases']","28 Feb, 2018","['Action', 'Adventure', 'Free To Play', 'Massively Multiplayer']"
1100750,Football Manager 2020 In-game Editor,dlc,0,False,,CLP$ 3.800,Sports Interactive,"['Single-player', 'Multi-player', 'Downloadable Content', 'Family Sharing']","18 Nov, 2019","['Simulation', 'Sports']"
1971650,OCTOPATH TRAVELER II,game,0,False,,CLP$ 23.996,Square Enix,"['Single-player', 'Steam Achievements', 'Full controller support', 'Steam Trading Cards', 'Steam Cloud', 'Family Sharing']","24 Feb, 2023",['RPG']
881020,Granblue Fantasy: Relink,game,0,False,,CLP$ 38.000,"Cygames, Inc.","['Single-player', 'Multi-player', 'Co-op', 'Online Co-op', 'Steam Achievements', 'Partial Controller Support', 'Steam Cloud', 'Family Sharing']","31 Jan, 2024","['Action', 'Adventure', 'RPG']"
1669980,Volcano Princess,game,0,False,,CLP$ 6.299,养蛋人 Egg Hatcher,"['Single-player', 'Steam Achievements', 'Steam Trading Cards', 'Steam Cloud', 'Family Sharing']","20 Apr, 2023","['Casual', 'Indie', 'RPG', 'Simulation', 'Strategy']"
1296830,暖雪 Warm Snow,game,0,False,,CLP$ 7.500,BadMudStudio,"['Single-player', 'Steam Achievements', 'Full controller support', 'Steam Cloud', 'Family Sharing']","18 Jan, 2022","['Action', 'Adventure', 'Indie', 'RPG']"
2479810,Gray Zone Warfare,game,0,False,,129.95 SR,"MADFINGER Games, a.s.","['Multi-player', 'MMO', 'PvP', 'Online PvP', 'Co-op', 'Online Co-op', 'Custom Volume Controls', 'Playable without Timed Input', 'Stereo Sound', 'Surround Sound']","30 Apr, 2024","['Action', 'Massively Multiplayer', 'Simulation', 'Early Access']"
1244460,Jurassic World Evolution 2,game,0,False,,Rp 449 999,Frontier Developments,"['Pemain Tunggal', 'Pencapaian Steam', 'Dukungan kontroler penuh', 'Steam Cloud', 'Statistik', 'HDR tersedia', 'Berbagi dengan Keluarga']",9 Nov 2021,"['Simulasi', 'Strategi']"
2835570,Buckshot Roulette,game,0,False,,CLP$ 1.900,Mike Klubnika,"['Single-player', 'Multi-player', 'PvP', 'Online PvP', 'Steam Achievements', 'Steam Trading Cards', 'Partial Controller Support', 'Steam Leaderboards', 'Family Sharing']","4 Apr, 2024","['Action', 'Indie', 'Simulation']"
2527500,MiSide,game,0,False,,CLP$ 8.300,AIHASTO,"['Single-player', 'Steam Achievements', 'Family Sharing']","10 Dec, 2024","['Adventure', 'Indie', 'RPG', 'Simulation']"
1057090,Ori and the Will of the Wisps,game,0,False,,CLP$ 24.990,Moon Studios GmbH,"['Single-player', 'Steam Achievements', 'Full controller support', 'Steam Cloud', 'Remote Play on Phone', 'Remote Play on Tablet', 'Remote Play on TV', 'HDR available', 'Family Sharing']","10 Mar, 2020",['Action']
1928420,Farlight 84,game,0,True,,Free,Farlight Games,"['Multi-player', 'PvP', 'Online PvP', 'Co-op', 'Online Co-op', 'Cross-Platform Multiplayer', 'Full controller support', 'In-App Purchases']","21 Sep, 2023","['Action', 'Adventure', 'Massively Multiplayer', 'Free To Play']"
2680010,The First Berserker: Khazan,game,17,False,,CLP$ 25.060,Neople,"['Single-player', 'Steam Achievements', 'Full controller support', 'Steam Cloud', 'Family Sharing']","27 Mar, 2025","['Action', 'Adventure', 'RPG']"
387990,Scrap Mechanic,game,0,False,,CLP$ 9.500,Axolot Games,"['Single-player', 'Multi-player', 'Co-op', 'Online Co-op', 'Steam Workshop', 'Steam Cloud', 'Includes level editor', 'Family Sharing']","19 Jan, 2016","['Action', 'Adventure', 'Indie', 'Simulation', 'Early Access']"
2291060,EARTH DEFENSE FORCE 6,game,0,False,,CLP$ 38.499,SANDLOT,"['Single-player', 'Multi-player', 'Co-op', 'Online Co-op', 'Shared/Split Screen Co-op', 'Shared/Split Screen', 'Steam Achievements', 'Full controller support', 'Steam Cloud', 'Remote Play Together', 'Family Sharing']","25 Jul, 2024",['Action']
360430,Mafia III: Definitive Edition,game,18,False,,CLP$ 25.990,Hangar 13,"['Single-player', 'Steam Achievements', 'Full controller support', 'Steam Trading Cards', 'Steam Cloud', 'Remote Play on Tablet', 'Remote Play on TV', 'Family Sharing']","19 May, 2020","['Action', 'Adventure']"
637090,BATTLETECH,game,0,False,,CLP$ 28.200,Harebrained Schemes,"['Single-player', 'Multi-player', 'PvP', 'Online PvP', 'Cross-Platform Multiplayer', 'Steam Achievements', 'Steam Trading Cards', 'Steam Cloud', 'Remote Play Together', 'Family Sharing']","24 Apr, 2018","['Action', 'Adventure', 'Strategy']"
2515020,FINAL FANTASY XVI,game,0,False,,CLP$ 19.999,Square Enix,"['Single-player', 'Steam Achievements', 'Full controller support', 'Steam Trading Cards', 'Captions available', 'Steam Cloud', 'HDR available', 'Family Sharing']","17 Sep, 2024","['Action', 'RPG']"
2688950,Planet Coaster 2,game,0,False,,CLP$ 25.800,Frontier Developments,"['Single-player', 'Multi-player', 'Steam Achievements', 'Full controller support', 'Steam Trading Cards', 'Steam Cloud', 'HDR available', 'Family Sharing']","6 Nov, 2024","['Simulation', 'Strategy']"
475150,Titan Quest Anniversary Edition,game,0,False,,CLP$ 9.500,Iron Lore Entertainment,"['Single-player', 'Multi-player', 'PvP', 'Online PvP', 'Co-op', 'Online Co-op', 'Steam Achievements', 'Steam Trading Cards', 'Steam Workshop', 'Partial Controller Support', 'Steam Cloud', 'Includes level editor', 'Family Sharing']","31 Aug, 2016","['Action', 'RPG']"
1056640,Phantasy Star Online 2 New Genesis,game,17,True,,Free,SEGA,"['Multi-player', 'Co-op', 'Online Co-op', 'Cross-Platform Multiplayer', 'Steam Achievements', 'In-App Purchases', 'Partial Controller Support', 'Remote Play on Tablet']","5 Aug, 2020","['Action', 'Massively Multiplayer', 'RPG', 'Free To Play']"
2881650,Content Warning,game,0,False,,CLP$ 4.200,Wilnyl,"['Multi-player', 'Co-op', 'Online Co-op', 'Partial Controller Support', 'Steam Cloud', 'Family Sharing']","1 Apr, 2024","['Action', 'Adventure', 'Indie']"
885970,Total War: ROME REMASTERED,game,0,False,,CLP$ 16.500,Creative Assembly,"['Single-player', 'Multi-player', 'Cross-Platform Multiplayer', 'Steam Achievements', 'Steam Workshop', 'Steam Cloud', 'Family Sharing']","29 Apr, 2021",['Strategy']
225540,Just Cause™ 3,game,17,False,,CLP$ 2.069,Avalanche Studios,"['Single-player', 'Steam Achievements', 'Full controller support', 'Steam Trading Cards', 'Remote Play on Phone', 'Remote Play on Tablet', 'Remote Play on TV', 'Family Sharing']","30 Nov, 2015","['Action', 'Adventure']"
436150,Governor of Poker 3,game,0,True,,Free,Playtika Ltd.,"['Multi-player', 'MMO', 'PvP', 'Online PvP', 'Co-op', 'Online Co-op', 'Cross-Platform Multiplayer', 'Steam Achievements', 'In-App Purchases']","19 Feb, 2016","['Casual', 'Massively Multiplayer', 'Simulation', 'Free To Play']"
1625450,Muck,game,0,True,,Free,Dani,"['Single-player', 'Multi-player', 'PvP', 'Online PvP', 'Co-op', 'Online Co-op']","5 Jun, 2021","['Action', 'Adventure', 'Free To Play', 'Indie']"
1237950,STAR WARS™ Battlefront™ II,game,0,False,,CLP$ 31.900,DICE,"['Single-player', 'Multi-player', 'PvP', 'Online PvP', 'Steam Achievements', 'Steam Trading Cards']","11 Jun, 2020","['Action', 'Adventure']"
1465460,Infection Free Zone,game,0,False,,CLP$ 11.999,Jutsu Games,"['Single-player', 'Steam Achievements', 'Steam Workshop', 'Steam Cloud', 'Includes level editor', 'Family Sharing']","11 Apr, 2024","['Action', 'Indie', 'Simulation', 'Strategy', 'Early Access']"
599140,Graveyard Keeper,game,0,False,,CLP$ 10.500,Lazy Bear Games,"['Single-player', 'Steam Achievements', 'Full controller support', 'Steam Trading Cards', 'Steam Cloud', 'Remote Play on Phone', 'Remote Play on Tablet', 'Remote Play on TV', 'Family Sharing']","15 Aug, 2018","['Adventure', 'Indie', 'RPG', 'Simulation']"
211820,Starbound,game,0,False,,CLP$ 8.300,Chucklefish,"['Single-player', 'Multi-player', 'PvP', 'Online PvP', 'Co-op', 'Online Co-op', 'Cross-Platform Multiplayer', 'Steam Achievements', 'Steam Trading Cards', 'Steam Workshop', 'Family Sharing']","22 Jul, 2016","['Action', 'Adventure', 'Casual', 'Indie', 'RPG']"
298110,Far Cry® 4,game,17,False,,CLP$ 19.900,"Ubisoft Montreal, Red Storm, Shanghai, Toronto, Kiev","['Single-player', 'Multi-player', 'Co-op', 'Steam Achievements', 'Partial Controller Support']","17 Nov, 2014","['Action', 'Adventure']"
1549250,UNDECEMBER,game,0,True,,Free,Needs Games,"['Single-player', 'Multi-player', 'PvP', 'Online PvP', 'Co-op', 'Online Co-op', 'Cross-Platform Multiplayer', 'Full controller support', 'In-App Purchases']","11 Oct, 2022","['Action', 'Adventure', 'RPG', 'Free To Play']"
2437170,SMITE 2,game,0,True,,Free,Titan Forge Games,"['Multi-player', 'PvP', 'Online PvP', 'Co-op', 'Online Co-op', 'Cross-Platform Multiplayer', 'Steam Achievements', 'Full controller support', 'In-App Purchases']","27 Aug, 2024","['Action', 'Adventure', 'Casual', 'Massively Multiplayer', 'RPG', 'Strategy', 'Free To Play', 'Early Access']"
1671210,DELTARUNE,game,0,False,,CLP$ 13.000,tobyfox,"['Single-player', 'Full controller support', 'Steam Cloud', 'Family Sharing']","4 Jun, 2025","['Indie', 'RPG']"
2701660,DRAGON QUEST III HD-2D Remake,game,0,False,,"R$ 149,94",Square Enix,"['Single-player', 'Steam Achievements', 'Steam Trading Cards', 'Partial Controller Support', 'Steam Cloud', 'Family Sharing']","14 Nov, 2024",['RPG']
1569580,Blue Prince,game,0,False,,"119,99zł",Dogubomb,"['Single-player', 'Steam Achievements', 'Full controller support', 'Steam Cloud', 'Family Sharing']","10 Apr, 2025","['Adventure', 'Indie', 'Strategy']"
1392860,Little Nightmares III,game,0,False,,CLP$ 30.499,Supermassive Games,"['Single-player', 'Multi-player', 'Co-op', 'Online Co-op', 'Steam Achievements', 'Full controller support', 'Adjustable Text Size', 'Camera Comfort', 'Color Alternatives', 'Custom Volume Controls', 'Keyboard Only Option', 'Playable without Timed Input', 'Stereo Sound', 'Surround Sound', 'Steam Cloud', 'Family Sharing']","9 Oct, 2025",['Adventure']
311690,Enter the Gungeon,game,0,False,,CLP$ 8.300,Dodge Roll,"['Single-player', 'Multi-player', 'Shared/Split Screen', 'Steam Achievements', 'Full controller support', 'Steam Cloud', 'Remote Play on Phone', 'Remote Play on Tablet', 'Remote Play on TV', 'Remote Play Together', 'Family Sharing']","5 Apr, 2016","['Action', 'Adventure', 'Indie']"
1774580,STAR WARS Jedi: Survivor™,game,0,False,,CLP$ 55.900,Respawn,"['Single-player', 'Steam Achievements', 'Full controller support', 'Captions available', 'Color Alternatives', 'Custom Volume Controls', 'Adjustable Difficulty', 'Stereo Sound', 'HDR available']","27 Apr, 2023","['Action', 'Adventure']"
2666510,Rusty's Retirement,game,0,False,,CLP$ 2.814,Mister Morris Games,"['Single-player', 'Steam Achievements', 'Steam Trading Cards', 'Adjustable Text Size', 'Custom Volume Controls', 'Playable without Timed Input', 'Save Anytime', 'Steam Cloud', 'Family Sharing']","26 Apr, 2024","['Casual', 'Indie', 'Simulation', 'Strategy']"
492720,Tropico 6,game,13,False,,CLP$ 19.750,Limbic Entertainment,"['Single-player', 'Multi-player', 'PvP', 'Online PvP', 'Co-op', 'Online Co-op', 'Steam Achievements', 'Full controller support', 'Steam Trading Cards', 'Steam Workshop', 'Steam Cloud', 'Remote Play on TV', 'Family Sharing']","29 Mar, 2019","['Simulation', 'Strategy']"
392160,X4: Foundations,game,0,False,,CLP$ 23.800,Egosoft,"['Single-player', 'Steam Achievements', 'Full controller support', 'Steam Trading Cards', 'Steam Workshop', 'Adjustable Text Size', 'Camera Comfort', 'Color Alternatives', 'Custom Volume Controls', 'Playable without Timed Input', 'Save Anytime', 'Stereo Sound', 'Steam Cloud', 'Family Sharing']","30 Nov, 2018","['Action', 'Simulation', 'Strategy']"
392160,X4: Foundations,game,0,False,,CLP$ 23.800,Egosoft,"['Single-player', 'Steam Achievements', 'Full controller support', 'Steam Trading Cards', 'Steam Workshop', 'Adjustable Text Size', 'Camera Comfort', 'Color Alternatives', 'Custom Volume Controls', 'Playable without Timed Input', 'Save Anytime', 'Stereo Sound', 'Steam Cloud', 'Family Sharing']","30 Nov, 2018","['Action', 'Simulation', 'Strategy']"
2634950,Tokyo Xtreme Racer,game,0,False,,CLP$ 29.999,"Genki Co., Ltd.","['Single-player', 'Steam Achievements', 'Full controller support', 'Custom Volume Controls', 'Playable without Timed Input', 'Steam Cloud', 'Family Sharing']","24 Sep, 2025","['Racing', 'RPG']"
212680,FTL: Faster Than Light,game,0,False,,CLP$ 5.500,Subset Games,"['Single-player', 'Steam Achievements', 'Steam Trading Cards', 'Remote Play on Phone', 'Remote Play on Tablet', 'Family Sharing']","14 Sep, 2012","['Indie', 'Simulation', 'Strategy']"
668580,Atomic Heart,game,17,False,,CLP$ 43.990,Mundfish,"['Single-player', 'Steam Achievements', 'Full controller support', 'Steam Trading Cards', 'Adjustable Text Size', 'Camera Comfort', 'Color Alternatives', 'Custom Volume Controls', 'Adjustable Difficulty', 'Playable without Timed Input', 'Stereo Sound', 'Surround Sound', 'Steam Cloud', 'Family Sharing']","20 Feb, 2023","['Action', 'Adventure', 'RPG']"
444090,Paladins®,game,0,True,,Free,Evil Mojo Games,"['Multi-player', 'PvP', 'Online PvP', 'Cross-Platform Multiplayer', 'Steam Achievements', 'Full controller support', 'Steam Trading Cards', 'In-App Purchases', 'Remote Play on Phone', 'Remote Play on Tablet']","8 May, 2018","['Action', 'Adventure', 'Massively Multiplayer', 'Strategy', 'Free To Play']"
848450,Subnautica: Below Zero,game,0,False,,$20.99 USD,Unknown Worlds Entertainment,"['Single-player', 'Steam Achievements', 'Full controller support', 'Steam Trading Cards', 'Steam Cloud', 'Remote Play on TV', 'Family Sharing']","13 May, 2021","['Adventure', 'Indie']"
1151640,Horizon Zero Dawn™ Complete Edition,game,12,False,,Free,Guerrilla,"['Single-player', 'Steam Achievements', 'Full controller support', 'Steam Cloud', 'Remote Play on Tablet', 'Family Sharing']","7 Aug, 2020","['Action', 'Adventure', 'RPG']"
535930,Two Point Hospital,game,0,False,,CLP$ 17.000,Two Point Studios,"['Single-player', 'Steam Achievements', 'Steam Trading Cards', 'Steam Workshop', 'Steam Cloud', 'Remote Play on Tablet', 'Family Sharing']","29 Aug, 2018","['Indie', 'Simulation']"
1213210,Command & Conquer™ Remastered Collection,game,13,False,,CLP$ 17.900,Petroglyph,"['Single-player', 'Multi-player', 'PvP', 'Online PvP', 'Steam Achievements', 'Steam Workshop', 'Steam Cloud', 'Includes level editor', 'Family Sharing']","5 Jun, 2020",['Strategy']
2288150,ROMANCE OF THE THREE KINGDOMS 8 REMAKE,game,0,False,,CLP$ 47.900,"KOEI TECMO GAMES CO., LTD.","['Single-player', 'Steam Achievements', 'Steam Trading Cards', 'Custom Volume Controls', 'Adjustable Difficulty', 'Mouse Only Option', 'Playable without Timed Input', 'Save Anytime', 'Stereo Sound', 'Surround Sound', 'Partial Controller Support', 'Steam Cloud', 'Family Sharing']","23 Oct, 2024","['Simulation', 'Strategy']"
389730,TEKKEN 7,game,0,False,,CLP$ 25.499,BANDAI NAMCO Studios Inc.,"['Single-player', 'Multi-player', 'PvP', 'Online PvP', 'Shared/Split Screen PvP', 'Shared/Split Screen', 'Steam Achievements', 'Full controller support', 'Steam Trading Cards', 'Steam Cloud', 'Steam Leaderboards', 'Remote Play on TV', 'Remote Play Together', 'Family Sharing']","1 Jun, 2017","['Action', 'Sports']"
637650,FINAL FANTASY XV WINDOWS EDITION,game,13,False,,CLP$ 9.280,Square Enix,"['Single-player', 'Multi-player', 'PvP', 'Online PvP', 'Co-op', 'Online Co-op', 'Steam Achievements', 'Full controller support', 'Steam Trading Cards', 'Steam Cloud', 'Remote Play on Tablet', 'Family Sharing']","6 Mar, 2018",['RPG']
1859910,Legend of Mortal,game,0,False,,CLP$ 10.500,Obb Studio Inc.,"['Single-player', 'Steam Achievements', 'Full controller support', 'Steam Cloud', 'Family Sharing']","14 Jun, 2024","['Adventure', 'Indie', 'RPG', 'Strategy']"
2285150,The Front,game,0,False,,CLP$ 10.500,Samar Studio,"['Single-player', 'Multi-player', 'MMO', 'PvP', 'Online PvP', 'Co-op', 'Online Co-op']","30 Oct, 2025","['Action', 'Indie', 'Massively Multiplayer', 'Simulation']"
952060,Resident Evil 3,game,0,False,,CLP$ 10.700,"CAPCOM Co., Ltd.","['Single-player', 'Multi-player', 'PvP', 'Online PvP', 'Steam Achievements', 'Full controller support', 'Steam Trading Cards', 'Steam Cloud', 'Remote Play on Tablet', 'HDR available', 'Family Sharing']","2 Apr, 2020",['Action']
2218750,Halls of Torment,game,0,False,,CLP$ 3.900,Chasing Carrots,"['Single-player', 'Steam Achievements', 'Full controller support', 'Steam Trading Cards', 'Custom Volume Controls', 'Keyboard Only Option', 'Mouse Only Option', 'Playable without Timed Input', 'Steam Cloud', 'Family Sharing']","24 Sep, 2024","['Action', 'Indie', 'RPG']"
274170,Hotline Miami 2: Wrong Number,game,17,False,,CLP$ 8.300,Dennaton Games,"['Single-player', 'Steam Achievements', 'Full controller support', 'Steam Workshop', 'Steam Cloud', 'Steam Leaderboards', 'Includes level editor', 'Remote Play on TV', 'Family Sharing']","10 Mar, 2015","['Action', 'Indie']"
2688950,Planet Coaster 2,game,0,False,,CLP$ 25.800,Frontier Developments,"['Single-player', 'Multi-player', 'Steam Achievements', 'Full controller support', 'Steam Trading Cards', 'Steam Cloud', 'HDR available', 'Family Sharing']","6 Nov, 2024","['Simulation', 'Strategy']"
2993780,FANTASY LIFE i: The Girl Who Steals Time,game,0,False,,CLP$ 49.999,LEVEL5 Inc.,"['Single-player', 'Multi-player', 'Co-op', 'Online Co-op', 'Cross-Platform Multiplayer', 'Steam Achievements', 'Full controller support', 'Steam Cloud', 'HDR available', 'Family Sharing']","21 May, 2025",['RPG']
1154030,Titan Quest II,game,0,False,,CLP$ 18.000,Grimlore Games,"['Single-player', 'Multi-player', 'Co-op', 'Online Co-op', 'Full controller support', 'Steam Cloud', 'Family Sharing']","1 Aug, 2025","['Action', 'RPG', 'Early Access']"
200510,XCOM: Enemy Unknown,game,17,False,,CLP$ 14.500,Firaxis Games,"['Single-player', 'Multi-player', 'Cross-Platform Multiplayer', 'Steam Achievements', 'Full controller support', 'Steam Trading Cards', 'Steam Cloud', 'Remote Play on TV', 'Family Sharing']","11 Oct, 2012",['Strategy']
640820,Pathfinder: Kingmaker — Enhanced Plus Edition,game,0,False,,CLP$ 15.000,Owlcat Games,"['Single-player', 'Steam Achievements', 'Full controller support', 'Steam Trading Cards', 'Steam Cloud', 'Remote Play on Tablet', 'Family Sharing']","25 Sep, 2018","['Adventure', 'RPG']"
2066020,Soulstone Survivors,game,0,False,,CLP$ 8.300,Game Smithing Limited,"['Single-player', 'Steam Achievements', 'Full controller support', 'Steam Trading Cards', 'Steam Cloud', 'Stats', 'Family Sharing']","17 Jun, 2025","['Action', 'Indie', 'RPG']"
218240,Planetside 2: Elite Soldier Bundle,dlc,0,False,,Free,Daybreak Game Company,"['Multi-player', 'Downloadable Content']","25 Jun, 2014","['Action', 'Free To Play', 'Massively Multiplayer']"
3215050,Surviving Mars: Relaunched,game,0,False,,CLP$ 30.500,Haemimont Games,"['Single-player', 'Steam Achievements', 'Full controller support', 'Steam Workshop', 'Camera Comfort', 'Color Alternatives', 'Custom Volume Controls', 'Adjustable Difficulty', 'Mouse Only Option', 'Playable without Timed Input', 'Save Anytime', 'Steam Cloud', 'Family Sharing']","10 Nov, 2025","['Simulation', 'Strategy']"
1084160,Jagged Alliance 3,game,0,False,,CLP$ 21.500,Haemimont Games,"['Single-player', 'Multi-player', 'Co-op', 'Online Co-op', 'Steam Achievements', 'Full controller support', 'Steam Trading Cards', 'Steam Cloud', 'Family Sharing']","14 Jul, 2023","['Action', 'Strategy']"
2080690,Sunkenland,game,0,False,,CLP$ 10.500,Vector3 Studio,"['Single-player', 'Multi-player', 'Co-op', 'Online Co-op', 'Family Sharing']","25 Aug, 2023","['Action', 'Indie', 'Early Access']"
1097150,Fall Guys,game,0,False,,Free,Mediatonic,"['Multi-player', 'MMO', 'PvP', 'Online PvP', 'Co-op', 'Online Co-op', 'Steam Achievements', 'In-App Purchases', 'Partial Controller Support', 'Remote Play on Phone', 'Remote Play on Tablet']","3 Aug, 2020","['Action', 'Casual', 'Indie', 'Massively Multiplayer', 'Sports']"
1273400,Construction Simulator,game,0,False,,$17.99 USD,weltenbauer. Software Entwicklung GmbH,"['Single-player', 'Multi-player', 'Co-op', 'Online Co-op', 'Steam Achievements', 'Full controller support', 'Camera Comfort', 'Custom Volume Controls', 'Playable without Timed Input', 'Stereo Sound', 'Steam Cloud', 'Family Sharing']","20 Sep, 2022","['Casual', 'Simulation']"
740130,Tales of Arise,game,0,False,,CLP$ 25.499,Bandai Namco Studios Inc.,"['Single-player', 'Steam Achievements', 'Full controller support', 'Steam Trading Cards', 'Steam Cloud', 'Family Sharing']","9 Sep, 2021","['Action', 'RPG']"
2753900,The King is Watching,game,0,False,,CLP$ 8.300,Hypnohead,"['Single-player', 'Steam Achievements', 'Steam Cloud', 'Family Sharing']","21 Jul, 2025","['Indie', 'Strategy']"
3350200,Revenge on gold diggers ,game,0,False,,CLP$ 5.750,前方工作室,"['Single-player', 'Steam Achievements', 'Steam Cloud', 'Family Sharing']","19 Jun, 2025","['Adventure', 'Indie', 'RPG', 'Strategy']"
3017860,DOOM: The Dark Ages,game,17,False,,$69.99,id Software,"['Single-player', 'Steam Achievements', 'Full controller support', 'Steam Trading Cards', 'Color Alternatives', 'Adjustable Difficulty', 'Surround Sound', 'Steam Cloud', 'HDR available', 'Family Sharing']","May 14, 2025",['Action']
403640,Dishonored 2,game,17,False,,CLP$ 20.900,Arkane Studios,"['Single-player', 'Steam Achievements', 'Steam Trading Cards', 'Color Alternatives', 'Adjustable Difficulty', 'Playable without Timed Input', 'Stereo Sound', 'Surround Sound', 'Partial Controller Support', 'Steam Cloud', 'Remote Play on Tablet', 'Remote Play on TV', 'Family Sharing']","11 Nov, 2016",['Action']
1190340,SUPER PEOPLE,game,0,True,,Free,Wonder People,"['Multi-player', 'PvP', 'Online PvP', 'Co-op', 'Online Co-op']","8 Oct, 2022","['Action', 'Casual', 'Massively Multiplayer', 'Free To Play', 'Early Access']"
1277400,Monster Hunter Stories 2: Wings of Ruin,game,0,False,,$29.99 USD,"CAPCOM Co., Ltd.","['Single-player', 'Multi-player', 'PvP', 'Online PvP', 'Co-op', 'Online Co-op', 'Steam Achievements', 'Full controller support', 'Steam Trading Cards', 'Steam Cloud', 'Family Sharing']","8 Jul, 2021","['Adventure', 'RPG']"
242920,Banished,game,0,False,,CLP$ 9.500,Shining Rock Software LLC,"['Single-player', 'Steam Achievements', 'Remote Play on Phone', 'Remote Play on Tablet', 'Family Sharing']","18 Feb, 2014","['Indie', 'Simulation', 'Strategy']"
1845910,Dragon Age™: The Veilguard,game,17,False,,CLP$ 53.900,BioWare,"['Single-player', 'Steam Achievements', 'Full controller support', 'Steam Trading Cards', 'Color Alternatives', 'Custom Volume Controls', 'Adjustable Difficulty', 'Save Anytime', 'Stereo Sound', 'Subtitle Options', 'Surround Sound', 'Steam Cloud', 'Remote Play on TV', 'HDR available', 'Family Sharing']","31 Oct, 2024","['Action', 'Adventure', 'RPG', 'Strategy']"
858810,Dawn of Man,game,0,False,,CLP$ 13.000,Madruga Works,"['Single-player', 'Steam Achievements', 'Steam Workshop', 'Family Sharing']","1 Mar, 2019","['Indie', 'Simulation', 'Strategy']"
386940,Ultimate Chicken Horse,game,0,False,,CLP$ 8.000,Clever Endeavour Games,"['Multi-player', 'PvP', 'Online PvP', 'Shared/Split Screen PvP', 'Co-op', 'Online Co-op', 'Shared/Split Screen Co-op', 'Shared/Split Screen', 'Cross-Platform Multiplayer', 'Steam Achievements', 'Full controller support', 'Steam Trading Cards', 'Steam Cloud', 'Includes level editor', 'Remote Play on TV', 'Remote Play Together', 'Family Sharing']","4 Mar, 2016","['Action', 'Casual', 'Indie']"
2849080,Kingdom Rush 5: Alliance TD,game,0,False,,CLP$ 10.500,Ironhide Game Studio,"['Single-player', 'Steam Achievements', 'Partial Controller Support', 'Steam Cloud', 'Family Sharing']","25 Jul, 2024","['Indie', 'Strategy']"
1172380,STAR WARS Jedi: Fallen Order™,game,0,False,,CDN$ 54.99,Respawn Entertainment,"['Single-player', 'Steam Achievements', 'Full controller support', 'Steam Trading Cards', 'Adjustable Difficulty', 'Stereo Sound', 'Surround Sound', 'Remote Play on Tablet', 'Remote Play on TV', 'HDR available']","14 Nov, 2019","['Action', 'Adventure']"
3017860,DOOM: The Dark Ages,game,17,False,,$69.99,id Software,"['Single-player', 'Steam Achievements', 'Full controller support', 'Steam Trading Cards', 'Color Alternatives', 'Adjustable Difficulty', 'Surround Sound', 'Steam Cloud', 'HDR available', 'Family Sharing']","May 14, 2025",['Action']
2167580,Summoners War: Chronicles,game,0,True,,Free,Com2uS,"['Multi-player', 'MMO', 'PvP', 'Online PvP', 'Co-op', 'Online Co-op', 'Cross-Platform Multiplayer', 'In-App Purchases', 'Partial Controller Support']","9 Nov, 2022","['Action', 'Adventure', 'Massively Multiplayer', 'RPG', 'Strategy', 'Free To Play']"
2162800,shapez 2,game,0,False,,CLP$ 8.450,tobspr Games,"['Single-player', 'Adjustable Text Size', 'Camera Comfort', 'Color Alternatives', 'Custom Volume Controls', 'Adjustable Difficulty', 'Keyboard Only Option', 'Mouse Only Option', 'Playable without Timed Input', 'Save Anytime', 'Subtitle Options', 'Steam Cloud', 'Family Sharing']","15 Aug, 2024","['Casual', 'Indie', 'Simulation', 'Strategy', 'Early Access']"
2221490,Tom Clancy’s The Division® 2,game,17,False,,CLP$ 25.799,Ubisoft,"['Single-player', 'Multi-player', 'PvP', 'Online PvP', 'Co-op', 'Online Co-op', 'Steam Achievements', 'Captions available', 'In-App Purchases', 'Partial Controller Support', 'HDR available']","12 Jan, 2023","['Action', 'Adventure', 'RPG']"
368260,Marvel's Midnight Suns,game,13,False,,CLP$ 48.990,Firaxis Games,"['Single-player', 'Steam Achievements', 'Full controller support', 'In-App Purchases', 'Family Sharing']","1 Dec, 2022","['RPG', 'Strategy']"
1601580,Frostpunk 2,game,0,False,,CLP$ 21.500,11 bit studios,"['Single-player', 'Steam Achievements', 'Full controller support', 'Steam Trading Cards', 'Steam Workshop', 'Adjustable Text Size', 'Custom Volume Controls', 'Adjustable Difficulty', 'Save Anytime', 'Stereo Sound', 'Surround Sound', 'Steam Cloud', 'Family Sharing']","20 Sep, 2024","['Simulation', 'Strategy']"
246620,Plague Inc: Evolved,game,0,False,,CLP$ 8.300,Ndemic Creations,"['Single-player', 'Multi-player', 'PvP', 'Online PvP', 'Co-op', 'Online Co-op', 'Cross-Platform Multiplayer', 'Steam Achievements', 'Steam Trading Cards', 'Steam Workshop', 'Camera Comfort', 'Custom Volume Controls', 'Adjustable Difficulty', 'Mouse Only Option', 'Playable without Timed Input', 'Save Anytime', 'Stereo Sound', 'Partial Controller Support', 'Steam Cloud', 'Stats', 'Steam Leaderboards', 'Includes level editor', 'Remote Play on Tablet', 'Family Sharing']","18 Feb, 2016","['Casual', 'Indie', 'Simulation', 'Strategy']"
203140,Hitman: Absolution™,game,17,False,,CLP$ 13.800,Io-Interactive A/S,"['Single-player', 'Steam Achievements', 'Steam Trading Cards', 'Partial Controller Support', 'Steam Cloud', 'Family Sharing']","19 Nov, 2012",['Action']
617290,Remnant: From the Ashes,game,16,False,,"R$ 15,09",Gunfire Games,"['Single-player', 'Multi-player', 'Co-op', 'Online Co-op', 'Steam Achievements', 'Full controller support', 'Steam Trading Cards', 'Steam Cloud', 'Remote Play on Tablet', 'Remote Play on TV', 'Family Sharing']","19 Aug, 2019","['Action', 'Adventure', 'RPG']"
1987080,Inside the Backrooms,game,0,False,,CLP$ 4.500,MrFatcat,"['Single-player', 'Multi-player', 'Co-op', 'Online Co-op', 'Steam Achievements', 'Tracked Controller Support', 'Steam Workshop', 'Family Sharing']","20 Jun, 2022","['Adventure', 'Indie', 'Early Access']"
1230530,Atlas Fallen: Reign Of Sand,game,0,False,,$27.99 USD,Deck13,"['Single-player', 'Multi-player', 'Co-op', 'Online Co-op', 'Steam Achievements', 'Full controller support', 'Steam Trading Cards', 'Camera Comfort', 'Custom Volume Controls', 'Adjustable Difficulty', 'Playable without Timed Input', 'Stereo Sound', 'Subtitle Options', 'Surround Sound', 'Steam Cloud', 'Family Sharing']","9 Aug, 2023","['Action', 'Adventure', 'RPG']"
80,Counter-Strike: Condition Zero,game,0,False,,"35,99zł",Valve,"['Single-player', 'Multi-player', 'Color Alternatives', 'Custom Volume Controls', 'Adjustable Difficulty', 'Stereo Sound', 'Valve Anti-Cheat enabled', 'Family Sharing']","1 Mar, 2004",['Action']
620,Portal 2,game,0,False,,CLP$ 5.750,Valve,"['Single-player', 'Multi-player', 'Co-op', 'Online Co-op', 'Shared/Split Screen Co-op', 'Shared/Split Screen', 'Steam Achievements', 'Full controller support', 'Steam Trading Cards', 'Captions available', 'Steam Workshop', 'Steam Workshop', 'Camera Comfort', 'Custom Volume Controls', 'Playable without Timed Input', 'Save Anytime', 'Stereo Sound', 'Surround Sound', 'Steam Cloud', 'Stats', 'Includes level editor', 'Commentary available', 'Remote Play on Phone', 'Remote Play on Tablet', 'Remote Play on TV', 'Remote Play Together', 'Family Sharing']","18 Apr, 2011","['Action', 'Adventure']"
1235721,The Sims™ 4 Cats & Dogs,dlc,0,False,,RM139.00,Maxis,"['Single-player', 'Downloadable Content']","18 Jun, 2020","['Casual', 'Simulation']"
1449110,The Outer Worlds 2,game,0,False,,CLP$ 59.990,Obsidian Entertainment,"['Single-player', 'Steam Achievements', 'Full controller support', 'Steam Trading Cards', 'Custom Volume Controls', 'Adjustable Difficulty', 'Save Anytime', 'Stereo Sound', 'Subtitle Options', 'Surround Sound', 'Steam Cloud', 'Stats', 'Family Sharing']","29 Oct, 2025","['Action', 'Adventure', 'RPG']"
1449110,The Outer Worlds 2,game,0,False,,CLP$ 59.990,Obsidian Entertainment,"['Single-player', 'Steam Achievements', 'Full controller support', 'Steam Trading Cards', 'Custom Volume Controls', 'Adjustable Difficulty', 'Save Anytime', 'Stereo Sound', 'Subtitle Options', 'Surround Sound', 'Steam Cloud', 'Stats', 'Family Sharing']","29 Oct, 2025","['Action', 'Adventure', 'RPG']"
629760,MORDHAU,game,0,False,,CLP$ 15.500,Triternion,"['Multi-player', 'PvP', 'Online PvP', 'Co-op', 'Online Co-op', 'Cross-Platform Multiplayer', 'Steam Achievements', 'Steam Trading Cards', 'Partial Controller Support', 'Steam Cloud', 'Valve Anti-Cheat enabled', 'Stats', 'Remote Play on Phone', 'Remote Play on Tablet']","29 Apr, 2019","['Action', 'Indie']"
418460,Rising Storm 2: Vietnam,game,0,False,,CLP$ 600,Antimatter Games,"['Multi-player', 'PvP', 'Online PvP', 'Steam Achievements', 'Steam Trading Cards', 'Steam Workshop', 'In-App Purchases', 'Stats', 'Includes level editor', 'Family Sharing']","30 May, 2017","['Action', 'Massively Multiplayer', 'Simulation', 'Strategy']"
1171690,Wayfinder,game,0,False,,CLP$ 13.000,Airship Syndicate,"['Single-player', 'Multi-player', 'Co-op', 'Online Co-op', 'Steam Achievements', 'Full controller support', 'Steam Trading Cards', 'Steam Cloud', 'Remote Play on TV', 'Family Sharing']","21 Oct, 2024","['Action', 'Adventure', 'RPG']"
209000,Batman™: Arkham Origins,game,13,False,,CLP$ 13.999,WB Games Montreal,"['Single-player', 'Steam Achievements', 'Full controller support', 'Steam Trading Cards', 'Steam Cloud', 'Steam Leaderboards', 'Family Sharing']","24 Oct, 2013","['Action', 'Adventure']"
1276390,Bloons TD Battles 2,game,0,True,,Free,Ninja Kiwi,"['Multi-player', 'PvP', 'Online PvP', 'In-App Purchases']","30 Nov, 2021","['Action', 'Casual', 'Indie', 'Strategy', 'Free To Play']"
3058630,Assetto Corsa EVO,game,0,False,,CLP$ 22.710,KUNOS Simulazioni,"['Single-player', 'VR Supported', 'Partial Controller Support', 'Family Sharing']","16 Jan, 2025","['Racing', 'Simulation', 'Sports', 'Early Access']"
447020,Farming Simulator 17,game,0,False,,CLP$ 7.700,GIANTS Software,"['Single-player', 'Multi-player', 'Co-op', 'Cross-Platform Multiplayer', 'Steam Achievements', 'Full controller support', 'Steam Trading Cards', 'Steam Cloud', 'Remote Play on TV', 'Family Sharing']","24 Oct, 2016",['Simulation']
875210,Kingdom Heroes 8,game,0,False,,CLP$ 15.300,"USERJOY Technology Co.,Ltd.","['Single-player', 'Steam Achievements', 'Full controller support', 'Steam Cloud', 'Family Sharing']","12 Jan, 2021","['Action', 'RPG', 'Simulation', 'Strategy']"
204360,Castle Crashers®,game,0,False,,"R$ 24,99",The Behemoth,"['Single-player', 'Multi-player', 'PvP', 'Online PvP', 'Shared/Split Screen PvP', 'Co-op', 'Online Co-op', 'Shared/Split Screen Co-op', 'Shared/Split Screen', 'Steam Achievements', 'Full controller support', 'Steam Trading Cards', 'Steam Workshop', 'Custom Volume Controls', 'Stereo Sound', 'Steam Cloud', 'Steam Leaderboards', 'Remote Play on Phone', 'Remote Play on Tablet', 'Remote Play on TV', 'Remote Play Together', 'Family Sharing']","26 Sep, 2012","['Action', 'Adventure', 'Casual', 'Indie', 'RPG']"
200710,Torchlight II,game,0,False,,CLP$ 1.900,Runic Games,"['Single-player', 'Multi-player', 'Co-op', 'Cross-Platform Multiplayer', 'Steam Achievements', 'Steam Trading Cards', 'Steam Workshop', 'Steam Cloud', 'Family Sharing']","20 Sep, 2012","['Action', 'Adventure', 'Indie', 'RPG']"
367500,Dragon's Dogma: Dark Arisen,game,17,False,,CLP$ 3.504,Capcom,"['Single-player', 'Steam Achievements', 'Full controller support', 'Steam Trading Cards', 'Steam Cloud', 'Steam Leaderboards', 'Remote Play on Phone', 'Remote Play on Tablet', 'Remote Play on TV', 'Family Sharing']","15 Jan, 2016","['Action', 'Adventure', 'RPG']"
736190,Chinese Parents,game,0,False,,CLP$ 4.400,墨鱼玩游戏,"['Single-player', 'Steam Achievements', 'Steam Cloud', 'Remote Play on Tablet', 'Family Sharing']","28 Sep, 2018","['Casual', 'Indie', 'RPG', 'Simulation']"
10180,Call of Duty®: Modern Warfare® 2 (2009),game,0,False,,CLP$ 14.250,Infinity Ward,"['Single-player', 'Multi-player', 'Co-op', 'Steam Achievements', 'Steam Cloud', 'Valve Anti-Cheat enabled', 'Family Sharing']","11 Nov, 2009",['Action']
619820,Heroes of Hammerwatch II,game,0,False,,CLP$ 11.000,Crackshell,"['Single-player', 'Multi-player', 'Co-op', 'Online Co-op', 'Steam Achievements', 'Full controller support', 'Steam Trading Cards', 'Steam Cloud', 'Family Sharing']","14 Jan, 2025","['Action', 'Indie', 'RPG']"
1220010,Home Behind 2,game,0,False,,CLP$ 7.700,TPP Studio,"['Single-player', 'Steam Achievements', 'Steam Trading Cards', 'Steam Cloud', 'Stats', 'Remote Play on Tablet', 'Family Sharing']","16 Feb, 2022","['Adventure', 'Indie', 'RPG', 'Simulation', 'Strategy']"
1283700,SUPERVIVE,game,0,True,,Free,Theorycraft Games,"['Multi-player', 'PvP', 'Online PvP', 'In-App Purchases']","23 Jul, 2025","['Action', 'Free To Play']"
392110,ENDLESS™ Space 2,game,0,False,,CLP$ 18.300,AMPLITUDE Studios,"['Single-player', 'Multi-player', 'PvP', 'Online PvP', 'Cross-Platform Multiplayer', 'Steam Achievements', 'Steam Trading Cards', 'Steam Workshop', 'Steam Cloud', 'Remote Play on Tablet', 'Family Sharing']","18 May, 2017",['Strategy']
612880,Wolfenstein II: The New Colossus,game,17,False,,CLP$ 26.799,MachineGames,"['Single-player', 'Steam Achievements', 'Full controller support', 'Color Alternatives', 'Save Anytime', 'Stereo Sound', 'Surround Sound', 'Steam Cloud', 'Remote Play on TV', 'Family Sharing']","26 Oct, 2017",['Action']
291650,Pillars of Eternity,game,0,False,,CLP$ 18.300,Obsidian Entertainment,"['Single-player', 'Steam Achievements', 'Steam Trading Cards', 'Steam Cloud', 'Commentary available', 'Remote Play on Tablet', 'Family Sharing']","26 Mar, 2015",['RPG']
1448440,Wo Long: Fallen Dynasty,game,16,False,,$19.97 USD,"KOEI TECMO GAMES CO., LTD.","['Single-player', 'Multi-player', 'PvP', 'Online PvP', 'Co-op', 'Online Co-op', 'Steam Achievements', 'Adjustable Text Size', 'Camera Comfort', 'Custom Volume Controls', 'Keyboard Only Option', 'Playable without Timed Input', 'Stereo Sound', 'Surround Sound', 'Partial Controller Support', 'Steam Cloud', 'Steam Leaderboards', 'HDR available', 'Family Sharing']","3 Mar, 2023","['Action', 'Adventure', 'RPG']"
1473480,A.V.A Global,game,0,True,,Free,Valiant,"['Multi-player', 'PvP', 'Online PvP', 'In-App Purchases']","23 Aug, 2022","['Action', 'Massively Multiplayer', 'Free To Play']"
1757300,Jump Space,game,0,False,,CLP$ 10.500,Keepsake Games,"['Single-player', 'Multi-player', 'Co-op', 'Online Co-op', 'Steam Achievements', 'Full controller support', 'Steam Cloud', 'Family Sharing']","19 Sep, 2025","['Action', 'Adventure', 'Indie', 'Early Access']"
1124300,HUMANKIND™,game,0,False,,CLP$ 32.000,AMPLITUDE Studios,"['Single-player', 'Multi-player', 'PvP', 'Online PvP', 'Steam Achievements', 'Steam Trading Cards', 'Steam Cloud', 'Includes level editor', 'Family Sharing']","17 Aug, 2021",['Strategy']
3205720,Schedule I: Free Sample,demo,0,True,,Free,TVGS,"['Single-player', 'Multi-player', 'Co-op', 'Online Co-op', 'Game demo']","9 Dec, 2024","['Action', 'Indie', 'Simulation']"
2644470,PICO PARK 2,game,0,False,,S/.21.00,TECOPARK,"['Multi-player', 'Co-op', 'Online Co-op', 'Shared/Split Screen Co-op', 'Shared/Split Screen', 'Cross-Platform Multiplayer', 'Steam Achievements', 'Partial Controller Support', 'Steam Cloud', 'Remote Play Together', 'Family Sharing']","12 Sep, 2024","['Action', 'Casual']"
560130,Pillars of Eternity II: Deadfire,game,17,False,,CLP$ 18.500,Obsidian Entertainment,"['Single-player', 'Steam Achievements', 'Steam Trading Cards', 'Steam Workshop', 'Steam Cloud', 'Remote Play on Tablet', 'Family Sharing']","8 May, 2018",['RPG']
1254120,Bless Unleashed,game,0,True,,Free,VALOFE,"['Multi-player', 'MMO', 'Steam Achievements', 'Full controller support', 'Steam Trading Cards', 'In-App Purchases']","6 Aug, 2021","['Action', 'Massively Multiplayer', 'RPG', 'Free To Play']"
1458140,Pacific Drive,game,0,False,,$14.99 USD,Ironwood Studios,"['Single-player', 'Steam Achievements', 'Full controller support', 'Steam Cloud', 'Stats', 'Family Sharing']","21 Feb, 2024","['Action', 'Adventure', 'Indie', 'Racing', 'Simulation']"
65980,Sid Meier's Civilization®: Beyond Earth™,game,0,False,,CLP$ 18.300,Firaxis Games,"['Single-player', 'Multi-player', 'Steam Achievements', 'Steam Trading Cards', 'Steam Workshop', 'Steam Cloud', 'Remote Play on Tablet', 'Family Sharing']","23 Oct, 2014",['Strategy']
859580,Imperator: Rome,game,0,False,,CLP$ 28.200,Paradox Development Studio,"['Single-player', 'Multi-player', 'PvP', 'Online PvP', 'Steam Achievements', 'Steam Trading Cards', 'Steam Workshop', 'Steam Cloud', 'Family Sharing']","25 Apr, 2019","['Simulation', 'Strategy']"
431240,Golf With Your Friends,game,0,False,,CLP$ 11.900,Blacklight Interactive,"['Single-player', 'Multi-player', 'PvP', 'Online PvP', 'Shared/Split Screen PvP', 'Shared/Split Screen', 'Steam Achievements', 'Steam Workshop', 'Partial Controller Support', 'Stats', 'Includes level editor', 'Remote Play on Phone', 'Remote Play on Tablet', 'Remote Play Together', 'Family Sharing']","19 May, 2020","['Casual', 'Indie', 'Sports']"
780310,The Riftbreaker,game,0,False,,CLP$ 15.500,EXOR Studios,"['Single-player', 'Multi-player', 'Co-op', 'Online Co-op', 'LAN Co-op', 'Steam Achievements', 'Full controller support', 'Steam Trading Cards', 'Steam Workshop', 'Steam Cloud', 'Includes level editor', 'Remote Play on TV', 'Family Sharing']","14 Oct, 2021","['Action', 'Adventure', 'Indie', 'RPG', 'Simulation', 'Strategy']"
1392860,Little Nightmares III,game,0,False,,CLP$ 30.499,Supermassive Games,"['Single-player', 'Multi-player', 'Co-op', 'Online Co-op', 'Steam Achievements', 'Full controller support', 'Adjustable Text Size', 'Camera Comfort', 'Color Alternatives', 'Custom Volume Controls', 'Keyboard Only Option', 'Playable without Timed Input', 'Stereo Sound', 'Surround Sound', 'Steam Cloud', 'Family Sharing']","9 Oct, 2025",['Adventure']
2028850,Bioshock Infinite: Columbia's Finest,dlc,17,False,,CLP$ 3.000,Irrational Games,"['Single-player', 'Downloadable Content', 'Steam Achievements', 'Full controller support', 'Steam Cloud', 'Family Sharing']","25 Jun, 2013",['Action']
1265920,Life is Strange Remastered,game,0,False,,$9.59 USD,Deck Nine,"['Single-player', 'Steam Achievements', 'Full controller support', 'Family Sharing']","1 Feb, 2022","['Action', 'Adventure']"
3061810,Like a Dragon: Pirate Yakuza in Hawaii,game,17,False,,CLP$ 54.900,Ryu Ga Gotoku Studio,"['Single-player', 'Steam Achievements', 'Full controller support', 'Steam Trading Cards', 'Steam Cloud', 'Family Sharing']","20 Feb, 2025","['Action', 'Adventure', 'RPG']"
712100,A Total War Saga: THRONES OF BRITANNIA,game,0,False,,CLP$ 19.000,CREATIVE ASSEMBLY,"['Single-player', 'Multi-player', 'PvP', 'Online PvP', 'LAN PvP', 'Co-op', 'Online Co-op', 'LAN Co-op', 'Steam Achievements', 'Camera Comfort', 'Custom Volume Controls', 'Adjustable Difficulty', 'Playable without Timed Input', 'Save Anytime', 'Stereo Sound', 'Surround Sound', 'Family Sharing']","2 May, 2018","['Action', 'Strategy']"
115300,Call of Duty®: Modern Warfare® 3 (2011),game,17,False,,CLP$ 19.000,Infinity Ward,"['Single-player', 'Multi-player', 'Co-op', 'Steam Achievements', 'Steam Cloud', 'Valve Anti-Cheat enabled', 'Family Sharing']","8 Nov, 2011",['Action']
1268750,Starship Troopers: Extermination,game,0,False,,CLP$ 15.500,Offworld,"['Multi-player', 'Co-op', 'Online Co-op', 'Partial Controller Support', 'Family Sharing']","10 Oct, 2024","['Action', 'Indie']"
550650,Black Squad,game,0,True,,Free,VALOFE,"['Multi-player', 'Steam Achievements', 'Steam Trading Cards', 'In-App Purchases']","26 Jun, 2019","['Action', 'Free To Play']"
488790,South Park™: The Fractured But Whole™,game,17,False,,CLP$ 25.799,Ubisoft San Francisco,"['Single-player', 'Steam Achievements', 'Steam Trading Cards', 'Partial Controller Support', 'Remote Play on Phone', 'Remote Play on Tablet']","16 Oct, 2017",['RPG']
1430190,Killing Floor 3,game,0,False,,CLP$ 19.000,Tripwire Interactive,"['Single-player', 'Multi-player', 'Co-op', 'Online Co-op', 'Cross-Platform Multiplayer', 'Steam Achievements', 'Steam Trading Cards', 'In-App Purchases', 'Camera Comfort', 'Custom Volume Controls', 'Adjustable Difficulty', 'Stereo Sound', 'Surround Sound', 'Partial Controller Support', 'Family Sharing']","24 Jul, 2025",['Action']
3146520,WEBFISHING,game,0,False,,CLP$ 3.000,lamedeveloper,"['Single-player', 'Multi-player', 'Co-op', 'Online Co-op', 'Family Sharing']","11 Oct, 2024","['Casual', 'Indie', 'Massively Multiplayer']"
1272080,PAYDAY 3,game,17,False,,CLP$ 22.989,Starbreeze Studios,"['Single-player', 'Multi-player', 'Co-op', 'Online Co-op', 'Cross-Platform Multiplayer', 'Steam Achievements', 'Steam Trading Cards', 'In-App Purchases', 'Camera Comfort', 'Custom Volume Controls', 'Adjustable Difficulty', 'Stereo Sound', 'Subtitle Options', 'Surround Sound', 'Partial Controller Support', 'Steam Cloud', 'Family Sharing']","21 Sep, 2023","['Action', 'Adventure', 'RPG']"
476600,Call of Duty®: WWII,game,17,False,,CLP$ 18.810,Sledgehammer Games,"['Single-player', 'Multi-player', 'PvP', 'Online PvP', 'Shared/Split Screen PvP', 'Co-op', 'Online Co-op', 'Shared/Split Screen Co-op', 'Steam Achievements', 'Full controller support', 'Steam Trading Cards', 'In-App Purchases', 'Steam Cloud', 'Valve Anti-Cheat enabled', 'Remote Play on TV', 'Family Sharing']","2 Nov, 2017",['Action']
2791440,Brighter Shores,game,0,True,,Free,Fen Research Ltd,"['Single-player', 'Multi-player', 'MMO', 'Co-op', 'Online Co-op', 'In-App Purchases']","6 Nov, 2024","['Adventure', 'Indie', 'Massively Multiplayer', 'RPG', 'Free To Play', 'Early Access']"
2417610,METAL GEAR SOLID Δ: SNAKE EATER,game,17,False,,CLP$ 50.000,KONAMI,"['Single-player', 'Multi-player', 'PvP', 'Online PvP', 'Steam Achievements', 'Full controller support', 'Steam Trading Cards', 'Adjustable Text Size', 'Camera Comfort', 'Color Alternatives', 'Custom Volume Controls', 'Adjustable Difficulty', 'Playable without Timed Input', 'Stereo Sound', 'Subtitle Options', 'Surround Sound', 'Steam Cloud', 'HDR available', 'Family Sharing']","28 Aug, 2025","['Action', 'Adventure']"
204880,Sins of a Solar Empire®: Rebellion,game,0,False,,CLP$ 10.500,Ironclad Games Corporation,"['Single-player', 'Multi-player', 'PvP', 'Online PvP', 'LAN PvP', 'Co-op', 'Online Co-op', 'LAN Co-op', 'Steam Achievements', 'Steam Trading Cards', 'Custom Volume Controls', 'Adjustable Difficulty', 'Playable without Timed Input', 'Save Anytime', 'Stereo Sound', 'Surround Sound', 'Steam Cloud', 'Includes level editor', 'Family Sharing']","12 Jun, 2012","['Action', 'Indie', 'Simulation', 'Strategy']"
1430190,Killing Floor 3,game,0,False,,CLP$ 19.000,Tripwire Interactive,"['Single-player', 'Multi-player', 'Co-op', 'Online Co-op', 'Cross-Platform Multiplayer', 'Steam Achievements', 'Steam Trading Cards', 'In-App Purchases', 'Camera Comfort', 'Custom Volume Controls', 'Adjustable Difficulty', 'Stereo Sound', 'Surround Sound', 'Partial Controller Support', 'Family Sharing']","24 Jul, 2025",['Action']
1543030,Sword and Fairy 7,game,0,False,,CLP$ 18.800,软星科技(SoftStarlight),"['Single-player', 'Steam Achievements', 'Full controller support', 'Steam Trading Cards', 'Steam Cloud', 'Family Sharing']","21 Oct, 2021","['Action', 'Adventure', 'RPG']"
760160,Vampire: The Masquerade - Bloodhunt,game,18,True,,Free,Sharkmob AB,"['Multi-player', 'PvP', 'Online PvP', 'Cross-Platform Multiplayer', 'Steam Achievements', 'Full controller support', 'In-App Purchases']","27 Apr, 2022","['Action', 'Free To Play']"
1961460,PROJECT: PLAYTIME,game,0,True,,Free,Mob Entertainment,"['Multi-player', 'Co-op', 'Online Co-op', 'In-App Purchases']","12 Dec, 2022","['Action', 'Indie', 'Free To Play', 'Early Access']"
1335830,Len's Island,game,0,False,,51.49 SR,Flow Studio,"['Single-player', 'Multi-player', 'Co-op', 'Online Co-op', 'Steam Achievements', 'Steam Cloud', 'Family Sharing']","19 Jun, 2025","['Action', 'Adventure', 'Indie', 'RPG']"
427290,Vampyr,game,0,False,,CLP$ 26.990,DONTNOD Entertainment,"['Single-player', 'Steam Achievements', 'Full controller support', 'Steam Trading Cards', 'Steam Cloud', 'Remote Play on TV', 'Family Sharing']","4 Jun, 2018","['Action', 'RPG']"
692850,Bloodstained: Ritual of the Night,game,0,False,,CLP$ 22.590,ArtPlay,"['Single-player', 'Multi-player', 'PvP', 'Online PvP', 'Shared/Split Screen PvP', 'Co-op', 'Online Co-op', 'Shared/Split Screen Co-op', 'Shared/Split Screen', 'Steam Achievements', 'Full controller support', 'Custom Volume Controls', 'Adjustable Difficulty', 'Playable without Timed Input', 'Stereo Sound', 'Subtitle Options', 'Steam Cloud', 'Remote Play on Phone', 'Remote Play on Tablet', 'Remote Play on TV', 'Remote Play Together', 'Family Sharing']","18 Jun, 2019","['Action', 'Adventure', 'RPG']"
1869590,Omega Strikers,game,0,True,,Free,Odyssey Interactive,"['Multi-player', 'PvP', 'Online PvP', 'Co-op', 'Online Co-op', 'In-App Purchases', 'Partial Controller Support']","27 Apr, 2023","['Action', 'Strategy', 'Free To Play']"
747660,Five Nights at Freddy's: Security Breach,game,0,False,,$39.99 USD,Steel Wool Studios,"['Single-player', 'Steam Achievements', 'Full controller support', 'Family Sharing']","16 Dec, 2021","['Action', 'Adventure', 'Indie']"
24200,DC Universe™ Online,game,0,True,,Free,Dimensional Ink Games,"['Multi-player', 'MMO', 'PvP', 'Online PvP', 'Co-op', 'Online Co-op', 'Cross-Platform Multiplayer', 'Steam Achievements', 'Partial Controller Support']","2 Nov, 2011","['Action', 'Adventure', 'Massively Multiplayer', 'RPG', 'Free To Play']"
1307550,Craftopia,game,0,False,,51.49 SR,Pocketpair,"['Single-player', 'Multi-player', 'Co-op', 'Online Co-op', 'LAN Co-op', 'Steam Achievements', 'Steam Workshop', 'Partial Controller Support', 'Remote Play on Tablet', 'Family Sharing']","4 Sep, 2020","['Action', 'Adventure', 'Indie', 'RPG', 'Early Access']"
2296990,We Were Here Expeditions: The FriendShip,game,0,False,,CLP$ 1.200,Total Mayhem Games,"['Multi-player', 'Co-op', 'Online Co-op', 'Cross-Platform Multiplayer', 'Steam Achievements', 'Partial Controller Support', 'Steam Cloud', 'Family Sharing']","14 Sep, 2023","['Adventure', 'Casual', 'Indie']"
2056900,Sim Racing Telemetry - F1 22,dlc,0,False,,CLP$ 4.200,UNAmedia,"['Downloadable Content', 'In-App Purchases']","5 Jul, 2022","['Racing', 'Simulation', 'Utilities']"
33930,Arma 2: Operation Arrowhead,game,17,False,,CLP$ 11.500,Bohemia Interactive,"['Single-player', 'Multi-player', 'PvP', 'Online PvP', 'Co-op', 'Online Co-op', 'Captions available', 'Partial Controller Support', 'Includes level editor']","29 Jun, 2010","['Action', 'Simulation', 'Strategy']"
206420,Saints Row IV: Re-Elected,game,17,False,,CLP$ 14.989,Deep Silver Volition,"['Single-player', 'Multi-player', 'Co-op', 'Online Co-op', 'Cross-Platform Multiplayer', 'Steam Achievements', 'Full controller support', 'Steam Trading Cards', 'Steam Workshop', 'Steam Cloud', 'Remote Play on TV', 'Family Sharing']","19 Aug, 2013","['Action', 'Adventure']"
680420,OUTRIDERS,game,17,False,,CLP$ 6.000,People Can Fly,"['Single-player', 'Multi-player', 'Co-op', 'Online Co-op', 'Cross-Platform Multiplayer', 'Steam Achievements', 'Full controller support', 'Steam Trading Cards', 'Family Sharing']","1 Apr, 2021","['Action', 'Adventure', 'RPG']"
1496790,Gotham Knights,game,0,False,,CLP$ 38.999,Warner Bros. Games Montréal,"['Single-player', 'Multi-player', 'Co-op', 'Online Co-op', 'Steam Achievements', 'Full controller support', 'Steam Cloud', 'HDR available', 'Family Sharing']","21 Oct, 2022","['Action', 'Adventure', 'RPG']"
898750,Super Robot Wars 30,game,0,False,,CLP$ 28.500,Bandai Namco Forge Digitals Inc.,"['Single-player', 'Steam Achievements', 'Full controller support', 'Steam Trading Cards', 'Steam Cloud', 'Family Sharing']","27 Oct, 2021","['RPG', 'Simulation', 'Strategy']"
2334730,Death Must Die,game,0,False,,CLP$ 4.200,Realm Archive,"['Single-player', 'Steam Achievements', 'Full controller support', 'Steam Cloud', 'Family Sharing']","14 Nov, 2023","['Action', 'Casual', 'Indie', 'RPG', 'Early Access']"
2060280,Lost Judgment - The Kaito Files Story Expansion,dlc,0,False,,CLP$ 13.999,Ryu Ga Gotoku Studio,"['Single-player', 'Downloadable Content', 'Steam Achievements', 'Full controller support', 'Steam Cloud', 'Family Sharing']","14 Sep, 2022","['Action', 'Adventure']"
606880,GreedFall,game,0,False,,CLP$ 24.990,Spiders,"['Single-player', 'Steam Achievements', 'Full controller support', 'Steam Cloud', 'Family Sharing']","9 Sep, 2019",['RPG']
1416310,Sands of Salzaar Soundtrack,music,0,False,,CLP$ 2.400,汉家松鼠Han-Squirrel Studio,,"22 Sep, 2020",
1549970,Aliens: Fireteam Elite,game,17,False,,CLP$ 20.990,Cold Iron Studios,"['Single-player', 'Multi-player', 'Co-op', 'Online Co-op', 'Cross-Platform Multiplayer', 'Steam Achievements', 'Full controller support', 'Steam Cloud', 'Family Sharing']","23 Aug, 2021","['Action', 'RPG']"
15620,"Warhammer 40,000: Dawn of War II - Anniversary Edition",game,17,False,,CLP$ 22.900,Relic Entertainment,"['Single-player', 'Multi-player', 'Co-op', 'Steam Trading Cards', 'Steam Cloud', 'Family Sharing']","18 Feb, 2009",['Strategy']
3407390,ENDLESS™ Legend 2,game,0,False,,CLP$ 24.900,AMPLITUDE Studios,"['Single-player', 'Steam Achievements', 'Steam Trading Cards', 'Adjustable Text Size', 'Camera Comfort', 'Color Alternatives', 'Custom Volume Controls', 'Adjustable Difficulty', 'Mouse Only Option', 'Playable without Timed Input', 'Save Anytime', 'Stereo Sound', 'Subtitle Options', 'Surround Sound', 'Steam Cloud', 'Family Sharing']","22 Sep, 2025","['RPG', 'Simulation', 'Strategy', 'Early Access']"
1253920,Rogue Legacy 2,game,0,False,,CLP$ 13.000,Cellar Door Games,"['Single-player', 'Steam Achievements', 'Full controller support', 'Steam Trading Cards', 'Steam Cloud', 'Remote Play on Tablet', 'Family Sharing']","28 Apr, 2022","['Action', 'Adventure', 'Indie', 'RPG']"
2796010,Party Club,game,0,False,,CLP$ 8.800,Lucid11 Interactive,"['Single-player', 'Multi-player', 'Co-op', 'Online Co-op', 'Shared/Split Screen Co-op', 'Shared/Split Screen', 'Steam Achievements', 'Full controller support', 'Steam Trading Cards', 'Steam Cloud', 'Stats', 'Family Sharing']","17 Mar, 2025","['Action', 'Casual', 'Simulation']"
437350,Call of Duty: Black Ops III - Multiplayer Starter Pack,game,17,False,,CLP$ 14.250,Treyarch,"['Multi-player', 'Full controller support', 'Valve Anti-Cheat enabled', 'Steam Leaderboards', 'Family Sharing']",,"['Action', 'Adventure']"
1566690,Outpost: Infinity Siege,game,0,False,,CLP$ 13.000,Team Ranger,"['Single-player', 'Multi-player', 'Co-op', 'Online Co-op', 'Steam Achievements', 'Steam Cloud', 'Family Sharing']","26 Mar, 2024","['Action', 'Strategy']"
3282390,Love is All Around 2,game,0,False,,CLP$ 5.750,intiny,"['Single-player', 'Steam Achievements', 'Full controller support', 'In-App Purchases', 'Steam Cloud', 'Family Sharing']","16 Jul, 2025","['Adventure', 'Casual', 'Indie', 'RPG', 'Simulation', 'Strategy']"
2510960,Temtem: Swarm,game,0,False,,CLP$ 5.750,Crema,"['Single-player', 'Multi-player', 'Co-op', 'Online Co-op', 'Steam Achievements', 'Full controller support', 'Steam Trading Cards', 'Camera Comfort', 'Custom Volume Controls', 'Keyboard Only Option', 'Mouse Only Option', 'Playable without Timed Input', 'Stereo Sound', 'Steam Cloud', 'Remote Play on TV', 'Family Sharing', 'Steam Timeline']","13 Nov, 2024","['Action', 'Casual', 'RPG', 'Early Access']"
313160,Farming Simulator 15,game,0,False,,CLP$ 5.700,Giants Software,"['Single-player', 'Multi-player', 'Co-op', 'Cross-Platform Multiplayer', 'Steam Achievements', 'Steam Trading Cards', 'Partial Controller Support', 'Steam Cloud', 'Family Sharing']","30 Oct, 2014",['Simulation']
700600,Evil Genius 2: World Domination,game,0,False,,CLP$ 14.900,Rebellion,"['Single-player', 'Steam Achievements', 'Full controller support', 'Steam Trading Cards', 'Steam Cloud', 'Family Sharing']","30 Mar, 2021","['Simulation', 'Strategy']"
2457220,Avowed,game,0,False,,CLP$ 69.990,Obsidian Entertainment,"['Single-player', 'Steam Achievements', 'Full controller support', 'Steam Trading Cards', 'Steam Cloud', 'Stats', 'Family Sharing']","18 Feb, 2025",['RPG']
823130,Totally Accurate Battlegrounds,game,0,True,,Free,Landfall,"['Multi-player', 'PvP', 'Online PvP', 'In-App Purchases']","5 Jun, 2018","['Action', 'Indie', 'Free To Play']"
2786680,"Knowledge, or know Lady",game,0,False,,CLP$ 5.200,蒸汽满满工作室,"['Single-player', 'Steam Cloud', 'Family Sharing']","28 Mar, 2024","['Adventure', 'Indie', 'RPG', 'Simulation', 'Strategy']"
690790,DiRT Rally 2.0,game,0,False,,CLP$ 9.500,Codemasters,"['Single-player', 'Multi-player', 'PvP', 'Online PvP', 'Steam Achievements', 'Full controller support', 'VR Supported', 'Steam Cloud', 'Valve Anti-Cheat enabled', 'Family Sharing']","25 Feb, 2019","['Racing', 'Simulation', 'Sports']"
1660061,Sim Racing Telemetry - F1 2021,dlc,0,False,,CLP$ 4.200,UNAmedia,"['Downloadable Content', 'In-App Purchases']","16 Jul, 2021","['Racing', 'Simulation', 'Utilities']"
2824880,SHRIMP GAME,game,0,False,,Free,GasGod Games,"['Single-player', 'Multi-player', 'PvP', 'Online PvP', 'Co-op', 'Online Co-op', 'Steam Achievements', 'Full controller support', 'Steam Cloud', 'Family Sharing']",Q1 2026,"['Action', 'Indie']"
1442670,Hamster Playground,game,0,True,,Free,Mass Creation,"['Single-player', 'Multi-player', 'PvP', 'Online PvP', 'Shared/Split Screen PvP', 'Shared/Split Screen', 'Full controller support', 'Steam Cloud']","11 Jul, 2024","['Casual', 'Indie', 'Racing', 'Simulation', 'Free To Play']"
3716600,Mage Arena,game,0,False,,CLP$ 1.900,jrsjams,"['Multi-player', 'PvP', 'Online PvP', 'Co-op', 'Online Co-op', 'Playable without Timed Input', 'Stereo Sound', 'Surround Sound', 'Family Sharing']","24 Jul, 2025","['Action', 'Early Access']"
1251640,Sakuya Izayoi Gives You Advice And Dabs: Nitori Kawashiro Offers You Advice In Exchange For Cucumbers And Eats The Cucumbers,dlc,0,False,,CLP$ 620,Sigyaad Team,"['Single-player', 'Downloadable Content', 'Full controller support', 'Family Sharing']","10 Mar, 2020",['Casual']
1189630,Path Of Wuxia,game,0,False,,CLP$ 20.053,香港商河洛互動娛樂股份有限公司,"['Single-player', 'Steam Achievements', 'Full controller support', 'Steam Cloud', 'Family Sharing']","14 Nov, 2022","['Indie', 'RPG']"
774861,Project Winter,game,0,False,,CLP$ 4.400,Other Ocean Interactive,"['Multi-player', 'PvP', 'Online PvP', 'Co-op', 'Online Co-op', 'Cross-Platform Multiplayer', 'Steam Achievements', 'Full controller support', 'Steam Trading Cards', 'In-App Purchases', 'Steam Cloud', 'Family Sharing']","23 May, 2019","['Action', 'Adventure', 'Casual', 'Indie', 'Strategy']"
2995920,It Takes Two Friend's Pass,game,0,False,,Free,Hazelight Studio,"['Multi-player', 'Co-op', 'Online Co-op', 'Shared/Split Screen Co-op', 'Shared/Split Screen', 'Full controller support']","25 May, 2021","['Action', 'Adventure', 'Indie']"
285190,"Warhammer 40,000: Dawn of War III",game,0,False,,CLP$ 35.000,Relic Entertainment,"['Single-player', 'Multi-player', 'PvP', 'Online PvP', 'Steam Achievements', 'Steam Trading Cards', 'Steam Workshop', 'Steam Cloud', 'Stats', 'Includes level editor', 'Family Sharing']","27 Apr, 2017","['Action', 'Simulation', 'Strategy']"
292730,Call of Duty®: Infinite Warfare,game,17,False,,CLP$ 18.810,Infinity Ward,"['Single-player', 'Multi-player', 'PvP', 'Online PvP', 'Co-op', 'Online Co-op', 'Steam Achievements', 'Full controller support', 'Valve Anti-Cheat enabled', 'Remote Play on TV', 'Family Sharing']","3 Nov, 2016","['Action', 'Adventure']"
383180,Dead Island: Riptide Definitive Edition,game,17,False,,CLP$ 15.000,Techland,"['Single-player', 'Multi-player', 'Co-op', 'Online Co-op', 'Steam Achievements', 'Full controller support', 'Steam Trading Cards', 'Captions available', 'Steam Cloud', 'Stats', 'Family Sharing']","31 May, 2016",['Action']
1928980,Nightingale,game,0,False,,CLP$ 15.500,Inflexion Games,"['Single-player', 'Multi-player', 'Co-op', 'Online Co-op', 'LAN Co-op', 'Steam Achievements', 'Partial Controller Support', 'Steam Cloud', 'Family Sharing']","20 Feb, 2024","['Action', 'Adventure', 'RPG', 'Early Access']"
858820,Tribes of Midgard,game,0,False,,CLP$ 8.700,Norsfell,"['Single-player', 'Multi-player', 'Co-op', 'Online Co-op', 'Steam Achievements', 'Full controller support', 'In-App Purchases', 'Color Alternatives', 'Custom Volume Controls', 'Save Anytime', 'Family Sharing']","27 Jul, 2021","['Action', 'Adventure', 'Indie', 'RPG']"
1337520,Risk of Rain Returns,game,0,False,,32.95 SR,Hopoo Games,"['Single-player', 'Multi-player', 'Co-op', 'Online Co-op', 'Shared/Split Screen Co-op', 'Shared/Split Screen', 'Steam Achievements', 'Full controller support', 'Steam Trading Cards', 'Adjustable Text Size', 'Camera Comfort', 'Color Alternatives', 'Custom Volume Controls', 'Adjustable Difficulty', 'Keyboard Only Option', 'Playable without Timed Input', 'Stereo Sound', 'Subtitle Options', 'Steam Cloud', 'Remote Play Together', 'Family Sharing']","8 Nov, 2023",['Action']
1034140,Subverse,game,0,False,,CLP$ 24.000,Studio FOW Interactive,"['Single-player', 'Family Sharing']","15 Nov, 2024","['Action', 'Adventure', 'Casual', 'RPG', 'Strategy']"
1810580,Nobody - The Turnaround,game,0,False,,Free,U.Ground Game Studio,"['Single-player', 'Steam Achievements', 'Steam Cloud', 'Family Sharing']","16 Nov, 2022","['Simulation', 'Strategy', 'Early Access']"
48000,LIMBO,game,0,False,,CLP$ 5.750,Playdead,"['Single-player', 'Steam Achievements', 'Full controller support', 'Steam Trading Cards', 'Color Alternatives', 'Keyboard Only Option', 'Playable without Timed Input', 'Stereo Sound', 'Steam Cloud', 'Remote Play on Phone', 'Remote Play on Tablet', 'Remote Play on TV', 'Family Sharing']","2 Aug, 2011","['Action', 'Adventure', 'Indie']"
3013470,Bananametr,game,0,True,,Free,Banana Master,"['Single-player', 'Steam Achievements', 'Stats', 'Steam Leaderboards']","22 Jun, 2024","['Casual', 'Free To Play']"
1074030,Melon Journey: Bittersweet Memories,game,0,False,,CLP$ 1.660,Froach Club,"['Single-player', 'Steam Achievements', 'Steam Trading Cards', 'Partial Controller Support', 'Steam Cloud', 'Family Sharing']","6 Apr, 2023","['Adventure', 'Casual']"
3047030,Tapple - Idle Clicker,game,0,True,,Free,Zeeno,"['Single-player', 'Steam Achievements', 'Full controller support', 'Remote Play Together']","28 Jun, 2024","['Casual', 'Indie', 'Simulation', 'Strategy', 'Free To Play']"
2543510,GUNTOUCHABLES,game,0,False,,CLP$ 3.000,Game Swing,"['Single-player', 'Multi-player', 'Co-op', 'Online Co-op', 'Steam Achievements', 'Steam Trading Cards', 'Camera Comfort', 'Custom Volume Controls', 'Adjustable Difficulty', 'Stereo Sound', 'Surround Sound', 'Partial Controller Support', 'Steam Cloud', 'Steam Leaderboards', 'Family Sharing']","7 Aug, 2025","['Action', 'Indie']"
2444170,Backpack Battles Demo,demo,0,True,,Free,PlayWithFurcifer,"['Single-player', 'Multi-player', 'PvP', 'Online PvP', 'Game demo']","30 May, 2023",
882100,XCOM®: Chimera Squad,game,0,False,,CLP$ 16.990,Firaxis Games,"['Single-player', 'Steam Achievements', 'Steam Workshop', 'Remote Play on Tablet', 'Family Sharing']","23 Apr, 2020",['Strategy']
1672500,GUNDAM BREAKER 4,game,0,False,,CLP$ 42.499,"CRAFTS & MEISTER Co., Ltd.","['Single-player', 'Multi-player', 'Co-op', 'Online Co-op', 'Steam Achievements', 'Full controller support', 'Steam Cloud', 'Family Sharing']","28 Aug, 2024","['Action', 'RPG']"
704850,Thief Simulator,game,0,False,,CLP$ 10.500,Noble Muffins,"['Single-player', 'Steam Achievements', 'Partial Controller Support', 'Steam Cloud', 'Family Sharing']","9 Nov, 2018","['Action', 'Adventure', 'Indie', 'Simulation']"
2340650,古龙风云录,game,0,False,,CLP$ 15.500,香港商河洛互動娛樂股份有限公司,"['Single-player', 'Steam Achievements', 'Steam Cloud', 'Family Sharing']","1 Feb, 2024","['Adventure', 'RPG', 'Strategy']"
3564860,Stellar Blade™ Demo,demo,17,True,,Free,SHIFT UP Corporation,"['Single-player', 'Game demo', 'Steam Achievements', 'Full controller support', 'Adjustable Text Size', 'Camera Comfort', 'Color Alternatives', 'Custom Volume Controls', 'Adjustable Difficulty', 'Playable without Timed Input', 'Stereo Sound', 'Subtitle Options', 'Surround Sound', 'Steam Cloud', 'Stats', 'HDR available']","30 May, 2025","['Action', 'Adventure', 'RPG']"
383870,Firewatch,game,0,False,,CLP$ 10.500,Campo Santo,"['Single-player', 'Steam Achievements', 'Full controller support', 'Steam Trading Cards', 'Steam Cloud', 'Remote Play on Phone', 'Remote Play on Tablet', 'Remote Play on TV', 'Family Sharing']","9 Feb, 2016","['Adventure', 'Indie']"
903950,Last Oasis,game,0,False,,CLP$ 12.000,Donkey Crew,"['Multi-player', 'MMO', 'PvP', 'Online PvP', 'Steam Achievements', 'Partial Controller Support', 'Family Sharing']","26 Mar, 2020","['Action', 'Adventure', 'Indie', 'Massively Multiplayer', 'RPG', 'Early Access']"
597820,,,,,,,,,,
1938010,,,,,,,,,,
368230,,,,,,,,,,
207140,,,,,,,,,,
1559390,,,,,,,,,,
1659040,,,,,,,,,,
424370,,,,,,,,,,
824550,,,,,,,,,,
1902960,Lost Records: Bloom & Rage,game,0.0,False,,A$ 60.01,DON'T NOD,"['Single-player', 'Steam Achievements', 'Full controller support', 'Adjustable Text Size', 'Camera Comfort', 'Color Alternatives', 'Custom Volume Controls', 'Playable without Timed Input', 'Stereo Sound', 'Subtitle Options', 'Surround Sound', 'Steam Cloud', 'Family Sharing']","18 Feb, 2025","['Adventure', 'Indie']"
223470,,,,,,,,,,
248140,,,,,,,,,,
746730,,,,,,,,,,
1675900,,,,,,,,,,
882790,,,,,,,,,,
1515950,,,,,,,,,,
2060130,,,,,,,,,,
232050,,,,,,,,,,
235540,Warhammer: End Times - Vermintide,game,0,False,,69.95 SR,Fatshark,"['Single-player', 'Multi-player', 'Co-op', 'Online Co-op', 'Steam Achievements', 'Steam Trading Cards', 'Captions available', 'Partial Controller Support', 'Steam Cloud', 'Family Sharing']","23 Oct, 2015","['Action', 'Indie']"
2231770,,,,,,,,,,
201790,,,,,,,,,,
249050,,,,,,,,,,
1755910,,,,,,,,,,
24240,PAYDAY™ The Heist,game,18,False,,$14.99 USD,OVERKILL - a Starbreeze Studio.,"['Single-player', 'Multi-player', 'Co-op', 'Online Co-op', 'Steam Achievements', 'Steam Trading Cards', 'Custom Volume Controls', 'Adjustable Difficulty', 'Stereo Sound', 'Steam Cloud', 'Stats', 'Family Sharing']","20 Oct, 2011",['Action']
238010,Deus Ex: Human Revolution - Director's Cut,game,0,False,,75.00 SR,Eidos Montreal,"['Single-player', 'Steam Achievements', 'Full controller support', 'Steam Trading Cards', 'Captions available', 'Steam Cloud', 'Commentary available', 'Remote Play on Tablet', 'Family Sharing']","25 Oct, 2013","['Action', 'RPG']"
312670,,,,,,,,,,
1213740,,,,,,,,,,
1880330,,,,,,,,,,
2343650,,,,,,,,,,
934700,Dead Island 2,game,18,False,,CDN$ 68.99,Dambuster Studios,"['Single-player', 'Multi-player', 'Co-op', 'Online Co-op', 'Steam Achievements', 'Full controller support', 'Steam Trading Cards', 'Adjustable Text Size', 'Camera Comfort', 'Custom Volume Controls', 'Adjustable Difficulty', 'Keyboard Only Option', 'Stereo Sound', 'Subtitle Options', 'Steam Cloud', 'Family Sharing']","22 Apr, 2024","['Action', 'Adventure']"
324800,,,,,,,,,,
391720,,,,,,,,,,
219640,Chivalry: Medieval Warfare,game,0,False,,$12.49 USD,Torn Banner Studios,"['Multi-player', 'Steam Achievements', 'Full controller support', 'Steam Trading Cards', 'Steam Workshop', 'Valve Anti-Cheat enabled', 'Includes level editor', 'Remote Play on TV', 'Family Sharing']","16 Oct, 2012","['Action', 'Indie']"
226700,,,,,,,,,,
230230,,,,,,,,,,
2064870,,,,,,,,,,
491950,,,,,,,,,,
473690,,,,,,,,,,
1435990,,,,,,,,,,
234650,,,,,,,,,,
569610,,,,,,,,,,
1128000,,,,,,,,,,
1832640,,,,,,,,,,
911400,,,,,,,,,,
911400,,,,,,,,,,
308600,,,,,,,,,,
490220,,,,,,,,,,
511470,,,,,,,,,,
2674810,,,,,,,,,,
15700,,,,,,,,,,
383180,,,,,,,,,,
630,,,,,,,,,,
